{"dx": -6.344912528991699, "dy": -0.4109010100364685, "angle": 0.0}