{"dx": -7.170661449432373, "dy": 1.3011146783828735, "angle": 0.5113328983606793}