{"dx": 2.80167818069458, "dy": -9.102409362792969, "angle": 0.0}